{"cameraMode":{"drawMode":0,"name":"Shaded","section":"Shading Mode"},"sceneLighting":true,"audioPlay":false,"sceneViewState":{"showFog":true,"showMaterialUpdate":false,"showSkybox":true,"showFlares":true,"showImageEffects":true,"showParticleSystems":true},"in2DMode":false,"pivot":{"x":-161.10256958007813,"y":74.63693237304688,"z":277.1617126464844},"rotation":{"x":0.1062273234128952,"y":-0.3916267156600952,"z":0.04557497426867485,"w":0.912834644317627},"size":368.24383544921877,"orthographic":false}