{"cameraMode":{"drawMode":0,"name":"Shaded","section":"Shading Mode"},"sceneLighting":true,"audioPlay":false,"sceneViewState":{"showFog":true,"showMaterialUpdate":false,"showSkybox":true,"showFlares":true,"showImageEffects":true,"showParticleSystems":true},"in2DMode":false,"pivot":{"x":16.63758659362793,"y":77.97937774658203,"z":-113.16738891601563},"rotation":{"x":0.09036750346422196,"y":-0.24277696013450623,"z":0.022719984874129297,"w":0.9655966758728027},"size":66.46797943115235,"orthographic":false}