{"cameraMode":{"drawMode":0,"name":"Shaded","section":"Shading Mode"},"sceneLighting":true,"audioPlay":false,"sceneViewState":{"showFog":true,"showMaterialUpdate":false,"showSkybox":true,"showFlares":true,"showImageEffects":true,"showParticleSystems":true},"in2DMode":false,"pivot":{"x":80.42347717285156,"y":80.74689483642578,"z":-37.847957611083987},"rotation":{"x":-0.07752937823534012,"y":0.848787248134613,"z":-0.12988339364528657,"w":-0.5066357851028442},"size":26.896541595458986,"orthographic":false}