{"cameraMode":{"drawMode":0,"name":"Shaded","section":"Shading Mode"},"sceneLighting":true,"audioPlay":false,"sceneViewState":{"showFog":true,"showMaterialUpdate":false,"showSkybox":true,"showFlares":true,"showImageEffects":true,"showParticleSystems":true},"in2DMode":false,"pivot":{"x":-93.232177734375,"y":73.15933227539063,"z":942.98974609375},"rotation":{"x":0.027328023687005044,"y":-0.054303113371133807,"z":0.0014883913099765778,"w":0.9981493949890137},"size":962.2420654296875,"orthographic":false}