{"cameraMode":{"drawMode":0,"name":"Shaded","section":"Shading Mode"},"sceneLighting":false,"audioPlay":false,"sceneViewState":{"showFog":true,"showMaterialUpdate":false,"showSkybox":true,"showFlares":true,"showImageEffects":true,"showParticleSystems":true},"in2DMode":false,"pivot":{"x":0.2437230944633484,"y":-0.13526521623134614,"z":0.0024092793464660646},"rotation":{"x":-0.10286202281713486,"y":0.8808721303939819,"z":-0.22430284321308137,"w":-0.40394559502601626},"size":0.054934218525886539,"orthographic":false}