{"cameraMode":{"drawMode":0,"name":"Shaded","section":"Shading Mode"},"sceneLighting":true,"audioPlay":false,"sceneViewState":{"showFog":true,"showMaterialUpdate":false,"showSkybox":true,"showFlares":true,"showImageEffects":true,"showParticleSystems":true},"in2DMode":false,"pivot":{"x":58.124534606933597,"y":74.12495422363281,"z":-95.10813903808594},"rotation":{"x":0.4061412215232849,"y":-0.47167035937309267,"z":0.25942331552505495,"w":0.7384280562400818},"size":136.73837280273438,"orthographic":false}