{"cameraMode":{"drawMode":0,"name":"Shaded","section":"Shading Mode"},"sceneLighting":true,"audioPlay":false,"sceneViewState":{"showFog":true,"showMaterialUpdate":false,"showSkybox":true,"showFlares":true,"showImageEffects":true,"showParticleSystems":true},"in2DMode":false,"pivot":{"x":-6.626461029052734,"y":64.93949890136719,"z":-113.16358947753906},"rotation":{"x":0.2717582583427429,"y":-0.29685407876968386,"z":0.08854102343320847,"w":0.9111452698707581},"size":6.742595195770264,"orthographic":false}