{"cameraMode":{"drawMode":0,"name":"Shaded","section":"Shading Mode"},"sceneLighting":true,"audioPlay":false,"sceneViewState":{"showFog":true,"showMaterialUpdate":false,"showSkybox":true,"showFlares":true,"showImageEffects":true,"showParticleSystems":true},"in2DMode":false,"pivot":{"x":16.489404678344728,"y":73.99114227294922,"z":-147.78172302246095},"rotation":{"x":0.14451774954795838,"y":-0.5893961191177368,"z":0.10817846655845642,"w":0.7874162197113037},"size":1.7533998489379883,"orthographic":false}