{"cameraMode":{"drawMode":0,"name":"Shaded","section":"Shading Mode"},"sceneLighting":true,"audioPlay":false,"sceneViewState":{"showFog":true,"showMaterialUpdate":false,"showSkybox":true,"showFlares":true,"showImageEffects":true,"showParticleSystems":true},"in2DMode":false,"pivot":{"x":-70.67430114746094,"y":21.68947410583496,"z":-203.87826538085938},"rotation":{"x":0.07041730731725693,"y":-0.8763284683227539,"z":0.1354825496673584,"w":0.4568745791912079},"size":187.84913635253907,"orthographic":false}