{"cameraMode":{"drawMode":0,"name":"Shaded","section":"Shading Mode"},"sceneLighting":true,"audioPlay":false,"sceneViewState":{"showFog":true,"showMaterialUpdate":false,"showSkybox":true,"showFlares":true,"showImageEffects":true,"showParticleSystems":true},"in2DMode":false,"pivot":{"x":40.53303146362305,"y":42.97886276245117,"z":-214.79876708984376},"rotation":{"x":-0.020664555951952935,"y":-0.9792203307151794,"z":0.13487325608730317,"w":-0.15003275871276856},"size":120.1689682006836,"orthographic":false}