{"cameraMode":{"drawMode":0,"name":"Shaded","section":"Shading Mode"},"sceneLighting":true,"audioPlay":false,"sceneViewState":{"showFog":true,"showMaterialUpdate":false,"showSkybox":true,"showFlares":true,"showImageEffects":true,"showParticleSystems":true},"in2DMode":false,"pivot":{"x":-107.24131774902344,"y":-104.05461120605469,"z":84.54955291748047},"rotation":{"x":-0.29018574953079226,"y":0.41016459465026858,"z":-0.13949540257453919,"w":-0.8532868027687073},"size":404.02410888671877,"orthographic":false}