{"cameraMode":{"drawMode":0,"name":"Shaded","section":"Shading Mode"},"sceneLighting":true,"audioPlay":false,"sceneViewState":{"showFog":true,"showMaterialUpdate":false,"showSkybox":true,"showFlares":true,"showImageEffects":true,"showParticleSystems":true},"in2DMode":false,"pivot":{"x":96.40740203857422,"y":65.09574890136719,"z":-232.56857299804688},"rotation":{"x":0.1791970133781433,"y":-0.3063799738883972,"z":0.0588480681180954,"w":0.9330363273620606},"size":8.666086196899414,"orthographic":false}