{"cameraMode":{"drawMode":0,"name":"Shaded","section":"Shading Mode"},"sceneLighting":true,"audioPlay":false,"sceneViewState":{"showFog":true,"showMaterialUpdate":false,"showSkybox":true,"showFlares":true,"showImageEffects":true,"showParticleSystems":true},"in2DMode":false,"pivot":{"x":65.26519775390625,"y":-11.875297546386719,"z":-192.87814331054688},"rotation":{"x":0.09762615710496903,"y":0.9022889733314514,"z":-0.3033972680568695,"w":0.29033419489860537},"size":130.96177673339845,"orthographic":false}