{"cameraMode":{"drawMode":0,"name":"Shaded","section":"Shading Mode"},"sceneLighting":true,"audioPlay":false,"sceneViewState":{"showFog":true,"showMaterialUpdate":false,"showSkybox":true,"showFlares":true,"showImageEffects":true,"showParticleSystems":true},"in2DMode":false,"pivot":{"x":2.6593008041381838,"y":13.925798416137696,"z":0.8126077651977539},"rotation":{"x":0.14652936160564423,"y":-0.5633113980293274,"z":-0.10232093930244446,"w":-0.8066845536231995},"size":12.261971473693848,"orthographic":false}