{"cameraMode":{"drawMode":0,"name":"Shaded","section":"Shading Mode"},"sceneLighting":true,"audioPlay":false,"sceneViewState":{"showFog":true,"showMaterialUpdate":false,"showSkybox":true,"showFlares":true,"showImageEffects":true,"showParticleSystems":true},"in2DMode":false,"pivot":{"x":29.99917984008789,"y":57.243499755859378,"z":-118.21719360351563},"rotation":{"x":0.060853857547044757,"y":-0.9246643781661987,"z":0.1671246886253357,"w":0.33669281005859377},"size":11.100399017333985,"orthographic":false}