{"cameraMode":{"drawMode":0,"name":"Shaded","section":"Shading Mode"},"sceneLighting":true,"audioPlay":false,"sceneViewState":{"showFog":true,"showMaterialUpdate":false,"showSkybox":true,"showFlares":true,"showImageEffects":true,"showParticleSystems":true},"in2DMode":false,"pivot":{"x":12.318603515625,"y":46.79011535644531,"z":-147.18960571289063},"rotation":{"x":0.04303609952330589,"y":0.9418639540672302,"z":-0.30570828914642336,"w":0.13259978592395783},"size":25.105653762817384,"orthographic":false}