{"cameraMode":{"drawMode":0,"name":"Shaded","section":"Shading Mode"},"sceneLighting":true,"audioPlay":false,"sceneViewState":{"showFog":true,"showMaterialUpdate":false,"showSkybox":true,"showFlares":true,"showImageEffects":true,"showParticleSystems":true},"in2DMode":false,"pivot":{"x":54.748714447021487,"y":44.624656677246097,"z":-42.74924850463867},"rotation":{"x":-0.19994676113128663,"y":-0.010863427072763443,"z":0.002217780565842986,"w":-0.9797440767288208},"size":66.46797943115235,"orthographic":false}