{"cameraMode":{"drawMode":0,"name":"Shaded","section":"Shading Mode"},"sceneLighting":true,"audioPlay":false,"sceneViewState":{"showFog":true,"showMaterialUpdate":false,"showSkybox":true,"showFlares":true,"showImageEffects":true,"showParticleSystems":true},"in2DMode":false,"pivot":{"x":-3.3258018493652345,"y":44.83003234863281,"z":-131.5467529296875},"rotation":{"x":-0.3265710175037384,"y":0.5805978775024414,"z":-0.27321192622184756,"w":-0.6939831972122192},"size":40.49319839477539,"orthographic":false}