{"cameraMode":{"drawMode":0,"name":"Shaded","section":"Shading Mode"},"sceneLighting":false,"audioPlay":false,"sceneViewState":{"showFog":true,"showMaterialUpdate":false,"showSkybox":true,"showFlares":true,"showImageEffects":true,"showParticleSystems":true},"in2DMode":false,"pivot":{"x":68.48548889160156,"y":65.89031982421875,"z":-99.35472106933594},"rotation":{"x":-0.06158548593521118,"y":0.630973756313324,"z":-0.0503571517765522,"w":-0.7717146873474121},"size":23.771625518798829,"orthographic":false}