{"cameraMode":{"drawMode":0,"name":"Shaded","section":"Shading Mode"},"sceneLighting":true,"audioPlay":false,"sceneViewState":{"showFog":true,"showMaterialUpdate":false,"showSkybox":true,"showFlares":true,"showImageEffects":true,"showParticleSystems":true},"in2DMode":false,"pivot":{"x":6.4087982177734379,"y":60.189571380615237,"z":-122.17609405517578},"rotation":{"x":0.16135413944721223,"y":-0.727170467376709,"z":0.18285268545150758,"w":0.6416797637939453},"size":0.3866950571537018,"orthographic":false}