{"cameraMode":{"drawMode":0,"name":"Shaded","section":"Shading Mode"},"sceneLighting":true,"audioPlay":false,"sceneViewState":{"showFog":true,"showMaterialUpdate":false,"showSkybox":true,"showFlares":true,"showImageEffects":true,"showParticleSystems":true},"in2DMode":false,"pivot":{"x":11.640554428100586,"y":56.04430389404297,"z":-125.5085220336914},"rotation":{"x":0.18750737607479096,"y":-0.790368378162384,"z":0.2949122488498688,"w":0.5031756162643433},"size":30.250783920288087,"orthographic":false}