{"cameraMode":{"drawMode":0,"name":"Shaded","section":"Shading Mode"},"sceneLighting":true,"audioPlay":false,"sceneViewState":{"showFog":true,"showMaterialUpdate":false,"showSkybox":true,"showFlares":true,"showImageEffects":true,"showParticleSystems":true},"in2DMode":false,"pivot":{"x":12.560846328735352,"y":57.770809173583987,"z":-122.53849029541016},"rotation":{"x":0.31210941076278689,"y":0.6382880806922913,"z":-0.31672871112823489,"w":0.62837815284729},"size":9.323363304138184,"orthographic":false}