{"cameraMode":{"drawMode":0,"name":"Shaded","section":"Shading Mode"},"sceneLighting":true,"audioPlay":false,"sceneViewState":{"showFog":true,"showMaterialUpdate":false,"showSkybox":true,"showFlares":true,"showImageEffects":true,"showParticleSystems":true},"in2DMode":false,"pivot":{"x":-15.530086517333985,"y":46.700408935546878,"z":-132.25015258789063},"rotation":{"x":0.17580059170722962,"y":-0.7612942457199097,"z":0.23080343008041383,"w":0.5798750519752502},"size":62.68449783325195,"orthographic":false}