{"cameraMode":{"drawMode":0,"name":"Shaded","section":"Shading Mode"},"sceneLighting":true,"audioPlay":false,"sceneViewState":{"showFog":true,"showMaterialUpdate":false,"showSkybox":true,"showFlares":true,"showImageEffects":true,"showParticleSystems":true},"in2DMode":false,"pivot":{"x":5.7689971923828129,"y":-98.11174774169922,"z":-16.443702697753908},"rotation":{"x":0.222722128033638,"y":-0.27567043900489809,"z":0.06582338362932205,"w":0.9327743649482727},"size":156.5342254638672,"orthographic":false}