{"cameraMode":{"drawMode":0,"name":"Shaded","section":"Shading Mode"},"sceneLighting":true,"audioPlay":false,"sceneViewState":{"showFog":true,"showMaterialUpdate":false,"showSkybox":true,"showFlares":true,"showImageEffects":true,"showParticleSystems":true},"in2DMode":false,"pivot":{"x":-25.29163932800293,"y":132.0530548095703,"z":1449.73193359375},"rotation":{"x":0.06928576529026032,"y":0.007410784251987934,"z":-0.0005170731456018984,"w":0.99756920337677},"size":1656.8641357421875,"orthographic":false}