{"cameraMode":{"drawMode":0,"name":"Shaded","section":"Shading Mode"},"sceneLighting":true,"audioPlay":false,"sceneViewState":{"showFog":true,"showMaterialUpdate":false,"showSkybox":true,"showFlares":true,"showImageEffects":true,"showParticleSystems":true},"in2DMode":false,"pivot":{"x":24.218292236328126,"y":57.74846267700195,"z":-125.32803344726563},"rotation":{"x":-0.12479788064956665,"y":0.8746354579925537,"z":-0.3446643054485321,"w":-0.317245751619339},"size":24.54204559326172,"orthographic":false}