{"cameraMode":{"drawMode":0,"name":"Shaded","section":"Shading Mode"},"sceneLighting":true,"audioPlay":false,"sceneViewState":{"showFog":true,"showMaterialUpdate":false,"showSkybox":true,"showFlares":true,"showImageEffects":true,"showParticleSystems":true},"in2DMode":false,"pivot":{"x":10.71766185760498,"y":54.61081314086914,"z":-115.8474349975586},"rotation":{"x":0.4591396749019623,"y":-0.5143044590950012,"z":0.3847736120223999,"w":0.6137027740478516},"size":12.050987243652344,"orthographic":false}