{"cameraMode":{"drawMode":0,"name":"Shaded","section":"Shading Mode"},"sceneLighting":true,"audioPlay":false,"sceneViewState":{"showFog":true,"showMaterialUpdate":false,"showSkybox":true,"showFlares":true,"showImageEffects":true,"showParticleSystems":true},"in2DMode":false,"pivot":{"x":54.37903594970703,"y":66.82396697998047,"z":-96.85193634033203},"rotation":{"x":0.1332676112651825,"y":0.6306073069572449,"z":-0.1110972911119461,"w":0.7564598917961121},"size":6.903098106384277,"orthographic":false}