{"cameraMode":{"drawMode":0,"name":"Shaded","section":"Shading Mode"},"sceneLighting":true,"audioPlay":false,"sceneViewState":{"showFog":true,"showMaterialUpdate":false,"showSkybox":true,"showFlares":true,"showImageEffects":true,"showParticleSystems":true},"in2DMode":false,"pivot":{"x":-10.674070358276368,"y":65.31352996826172,"z":-131.77342224121095},"rotation":{"x":-0.1476965993642807,"y":0.5383388996124268,"z":-0.09648864716291428,"w":-0.8240551352500916},"size":10.952098846435547,"orthographic":false}