{"cameraMode":{"drawMode":0,"name":"Shaded","section":"Shading Mode"},"sceneLighting":true,"audioPlay":false,"sceneViewState":{"showFog":true,"showMaterialUpdate":false,"showSkybox":true,"showFlares":true,"showImageEffects":true,"showParticleSystems":true},"in2DMode":false,"pivot":{"x":398.7023010253906,"y":289.04681396484377,"z":-283.8419189453125},"rotation":{"x":0.07268248498439789,"y":0.008201774209737778,"z":-0.0005926950834691525,"w":0.9973212480545044},"size":196.54002380371095,"orthographic":false}