{"cameraMode":{"drawMode":0,"name":"Shaded","section":"Shading Mode"},"sceneLighting":false,"audioPlay":false,"sceneViewState":{"showFog":true,"showMaterialUpdate":false,"showSkybox":true,"showFlares":true,"showImageEffects":true,"showParticleSystems":true},"in2DMode":false,"pivot":{"x":33.53091812133789,"y":62.71335220336914,"z":-123.6578598022461},"rotation":{"x":-0.0019691602792590858,"y":-0.9492605924606323,"z":0.3144282400608063,"w":-0.0059477780014276508},"size":1.068528652191162,"orthographic":false}