{"cameraMode":{"drawMode":0,"name":"Shaded","section":"Shading Mode"},"sceneLighting":true,"audioPlay":false,"sceneViewState":{"showFog":true,"showMaterialUpdate":false,"showSkybox":true,"showFlares":true,"showImageEffects":true,"showParticleSystems":true},"in2DMode":false,"pivot":{"x":41.36901092529297,"y":51.30348205566406,"z":-42.773494720458987},"rotation":{"x":0.17401732504367829,"y":-0.10178516805171967,"z":0.018084846436977388,"w":0.9793011546134949},"size":58.81669616699219,"orthographic":false}