{"cameraMode":{"drawMode":0,"name":"Shaded","section":"Shading Mode"},"sceneLighting":true,"audioPlay":false,"sceneViewState":{"showFog":true,"showMaterialUpdate":false,"showSkybox":true,"showFlares":true,"showImageEffects":true,"showParticleSystems":true},"in2DMode":false,"pivot":{"x":14.133527755737305,"y":54.676815032958987,"z":-134.33291625976563},"rotation":{"x":0.0515894815325737,"y":-0.8927508592605591,"z":0.10637740790843964,"w":0.4347624182701111},"size":33.211978912353519,"orthographic":false}