{"cameraMode":{"drawMode":0,"name":"Shaded","section":"Shading Mode"},"sceneLighting":true,"audioPlay":false,"sceneViewState":{"showFog":true,"showMaterialUpdate":false,"showSkybox":true,"showFlares":true,"showImageEffects":true,"showParticleSystems":true},"in2DMode":false,"pivot":{"x":59.58013153076172,"y":146.0877227783203,"z":-327.2156066894531},"rotation":{"x":-0.08278622478246689,"y":0.1825363039970398,"z":-0.015425910241901875,"w":-0.979586124420166},"size":18.472299575805665,"orthographic":false}