{"cameraMode":{"drawMode":0,"name":"Shaded","section":"Shading Mode"},"sceneLighting":true,"audioPlay":false,"sceneViewState":{"showFog":true,"showMaterialUpdate":false,"showSkybox":true,"showFlares":true,"showImageEffects":true,"showParticleSystems":true},"in2DMode":false,"pivot":{"x":123.51194763183594,"y":-32.77855682373047,"z":-32.94007873535156},"rotation":{"x":0.3333032429218292,"y":0.2727546691894531,"z":-0.10137199610471726,"w":0.8967929482460022},"size":241.282470703125,"orthographic":false}