{"cameraMode":{"drawMode":0,"name":"Shaded","section":"Shading Mode"},"sceneLighting":true,"audioPlay":false,"sceneViewState":{"showFog":true,"showMaterialUpdate":false,"showSkybox":true,"showFlares":true,"showImageEffects":true,"showParticleSystems":true},"in2DMode":false,"pivot":{"x":69.32157897949219,"y":128.1992950439453,"z":-107.35101318359375},"rotation":{"x":0.142255499958992,"y":-0.3360239565372467,"z":0.051422178745269778,"w":0.9296273589134216},"size":129.12193298339845,"orthographic":false}