{"cameraMode":{"drawMode":0,"name":"Shaded","section":"Shading Mode"},"sceneLighting":true,"audioPlay":false,"sceneViewState":{"showFog":true,"showMaterialUpdate":false,"showSkybox":true,"showFlares":true,"showImageEffects":true,"showParticleSystems":true},"in2DMode":false,"pivot":{"x":-1.5959444046020508,"y":26.104721069335939,"z":-216.38890075683595},"rotation":{"x":0.012760764919221402,"y":-0.978853166103363,"z":0.19371561706066132,"w":0.06448196619749069},"size":130.96177673339845,"orthographic":false}