{"cameraMode":{"drawMode":0,"name":"Shaded","section":"Shading Mode"},"sceneLighting":true,"audioPlay":false,"sceneViewState":{"showFog":true,"showMaterialUpdate":false,"showSkybox":true,"showFlares":true,"showImageEffects":true,"showParticleSystems":true},"in2DMode":false,"pivot":{"x":261.9613952636719,"y":148.46762084960938,"z":68.67124938964844},"rotation":{"x":-0.15036296844482423,"y":0.8409401774406433,"z":-0.29586341977119448,"w":-0.4274056851863861},"size":3.98356294631958,"orthographic":false}