{"cameraMode":{"drawMode":0,"name":"Shaded","section":"Shading Mode"},"sceneLighting":true,"audioPlay":false,"sceneViewState":{"showFog":true,"showMaterialUpdate":false,"showSkybox":true,"showFlares":true,"showImageEffects":true,"showParticleSystems":true},"in2DMode":false,"pivot":{"x":53.24957275390625,"y":76.56953430175781,"z":-66.59814453125},"rotation":{"x":0.0009421507711522281,"y":0.998782217502594,"z":-0.020994897931814195,"w":0.04463701695203781},"size":1.7533998489379883,"orthographic":false}